City_ID,City,Lat,Lng,Max Temp,Humidity,Cloudiness,Wind Speed,Country,Date
0,sao sebastiao,-23.76,-45.41,58.87,87,100,9.75,BR,1598045528
1,noumea,-22.28,166.46,71.01,88,0,2.24,NC,1598045404
2,hilo,19.73,-155.09,82.4,65,40,10.29,US,1598045528
3,xam nua,20.42,104.04,67.23,95,100,1.39,LA,1598045757
4,bluff,-46.6,168.33,50.0,97,56,5.01,NZ,1598045757
5,new norfolk,-42.78,147.06,35.01,91,3,2.01,AU,1598045757
6,luderitz,-26.65,15.16,71.38,20,0,13.58,NA,1598045757
7,castro,-24.79,-50.01,41.23,89,100,6.33,BR,1598045758
8,ilulissat,69.22,-51.1,51.8,40,62,1.12,GL,1598045529
9,punta arenas,-53.15,-70.92,42.8,81,75,12.75,CL,1598045703
10,burnie,-41.07,145.92,37.99,85,17,8.01,AU,1598045464
11,hobart,-42.88,147.33,35.6,81,20,6.93,AU,1598045432
12,jamestown,42.1,-79.24,79.0,54,1,5.82,US,1598045478
13,chokurdakh,70.63,147.92,36.54,89,98,8.95,RU,1598045758
14,ushuaia,-54.8,-68.3,44.6,70,75,19.46,AR,1598045758
15,mataura,-46.19,168.86,50.0,97,64,5.01,NZ,1598045530
16,margate,51.38,1.39,66.99,75,0,4.0,GB,1598045477
17,sawang daen din,17.48,103.46,74.57,93,100,3.91,TH,1598045530
18,havre-saint-pierre,50.23,-63.6,59.0,72,20,11.41,CA,1598045531
19,alofi,-19.06,-169.92,80.6,78,20,11.41,NU,1598045626
20,rawson,-43.3,-65.1,60.31,33,0,13.85,AR,1598045759
21,agbor,6.25,6.19,72.77,95,100,2.89,NG,1598045760
22,yellowknife,62.46,-114.35,59.0,54,75,8.05,CA,1598045458
23,santa rosalia,27.32,-112.28,89.87,52,59,14.43,MX,1598045531
24,zhigansk,66.77,123.37,39.33,74,0,17.38,RU,1598045532
25,santa cruz del norte,23.15,-81.92,84.2,74,90,11.41,CU,1598045532
26,rikitea,-23.12,-134.97,66.09,67,0,21.99,PF,1598045532
27,san cristobal,7.77,-72.22,89.6,52,40,16.11,VE,1598045532
28,lompoc,34.64,-120.46,80.01,64,75,14.99,US,1598045532
29,cabo san lucas,22.89,-109.91,86.0,74,40,8.05,MX,1598045503
30,shimoda,34.67,138.95,78.01,90,0,4.05,JP,1598045532
31,sobolevo,54.43,31.9,52.2,96,46,4.52,RU,1598045533
32,mount gambier,-37.83,140.77,44.6,87,75,13.87,AU,1598045533
33,palu,-0.89,119.87,74.34,78,51,3.22,ID,1598045533
34,carauari,-4.88,-66.9,86.05,50,9,4.14,BR,1598045533
35,clyde river,70.47,-68.59,44.67,80,100,2.08,CA,1598045533
36,guane,22.2,-84.09,83.12,75,100,13.87,CU,1598045533
37,saint george,37.1,-113.58,106.0,17,1,4.7,US,1598045533
38,orbetello,42.44,11.22,75.2,83,0,2.24,IT,1598045534
39,champerico,14.3,-91.92,91.4,59,75,11.41,GT,1598045534
40,jacareacanga,-6.22,-57.75,88.25,36,50,3.15,BR,1598045534
41,katsuura,35.13,140.3,80.01,91,0,3.67,JP,1598045534
42,aleksandrovsk-sakhalinskiy,50.9,142.16,60.28,77,0,5.12,RU,1598045534
43,senno,59.53,33.92,54.73,74,0,1.72,RU,1598045535
44,port alfred,-33.59,26.89,57.78,76,25,12.93,ZA,1598045535
45,mporokoso,-9.37,30.12,66.33,43,5,13.18,ZM,1598045535
46,loiza,18.43,-65.88,87.8,74,75,20.8,PR,1598045535
47,puerto ayora,-0.74,-90.35,78.8,47,86,13.87,EC,1598045535
48,terney,45.05,136.61,62.31,72,0,7.78,RU,1598045535
49,gobabis,-22.45,18.97,50.43,37,2,9.24,NA,1598045535
50,haines junction,60.75,-137.51,56.86,78,92,3.67,CA,1598045536
51,georgetown,5.41,100.34,78.8,88,20,3.36,MY,1598045425
52,vigrestad,58.57,5.7,62.01,95,100,5.99,NO,1598045536
53,skeldon,5.88,-57.13,80.33,83,64,8.32,GY,1598045536
54,envira,-7.3,-70.22,66.0,67,32,5.28,BR,1598045536
55,hambantota,6.12,81.12,78.8,100,40,5.82,LK,1598045536
56,san carlos de bariloche,-41.15,-71.31,57.2,30,0,5.82,AR,1598045317
57,comodoro rivadavia,-45.87,-67.5,66.2,34,0,11.41,AR,1598045292
58,kodiak,57.79,-152.41,73.4,40,1,14.99,US,1598045537
59,arraial do cabo,-22.97,-42.03,66.2,82,90,14.99,BR,1598045380
60,launceston,-41.45,147.17,37.99,100,90,5.82,AU,1598045453
61,kupang,-10.17,123.58,72.52,73,0,4.61,ID,1598045537
62,carnarvon,-24.87,113.63,53.6,100,30,4.7,AU,1598045537
63,verkhnyaya inta,65.98,60.31,52.05,93,97,6.04,RU,1598045538
64,butterworth,5.4,100.36,78.8,88,20,3.36,MY,1598045538
65,kaeo,-35.1,173.78,55.0,3,2,3.0,NZ,1598045538
66,pevek,69.7,170.31,38.89,92,100,3.18,RU,1598045538
67,auki,-8.77,160.7,82.51,74,87,3.42,SB,1598045538
68,poum,-20.23,164.02,71.62,75,0,4.05,NC,1598045538
69,bethel,41.37,-73.41,84.99,45,1,10.29,US,1598045539
70,tecoanapa,16.52,-98.75,85.64,62,20,8.34,MX,1598045539
71,victor harbor,-35.57,138.62,46.99,84,13,11.01,AU,1598045539
72,thompson,55.74,-97.86,62.6,67,75,8.05,CA,1598045539
73,honiara,-9.43,159.95,80.6,83,40,2.24,SB,1598045381
74,palmer,42.16,-72.33,89.01,31,40,8.05,US,1598045539
75,kapaa,22.08,-159.32,82.4,69,20,12.75,US,1598045539
76,east london,-33.02,27.91,59.38,74,2,12.48,ZA,1598045472
77,palembang,-2.92,104.75,72.95,96,100,3.6,ID,1598045540
78,hegang,47.4,130.37,59.2,80,10,3.29,CN,1598045540
79,avarua,-21.21,-159.78,77.0,78,12,19.46,CK,1598045540
80,winchester,51.07,-1.32,64.99,82,10,13.87,GB,1598045540
81,bathsheba,13.22,-59.52,84.2,83,40,17.22,BB,1598045540
82,batagay-alyta,67.8,130.41,36.28,82,97,4.52,RU,1598045540
83,bambous virieux,-20.34,57.76,70.0,77,40,4.7,MU,1598045540
84,mayo,38.89,-76.51,84.0,74,1,10.29,US,1598045541
85,qaanaaq,77.48,-69.36,39.34,76,88,3.09,GL,1598045541
86,balakovo,52.03,47.8,53.64,89,0,5.53,RU,1598045541
87,tulu bolo,8.67,38.22,56.57,83,62,3.09,ET,1598045541
88,akyab,20.15,92.9,79.56,85,100,2.19,MM,1598045541
89,nouadhibou,20.93,-17.03,77.0,83,88,10.29,MR,1598045541
90,cardston,49.2,-113.3,86.0,23,20,6.93,CA,1598045404
91,miramar,25.99,-80.23,91.99,70,75,14.99,US,1598045542
92,atuona,-9.8,-139.03,78.55,78,4,13.06,PF,1598045542
93,luangwa,-15.62,30.42,70.74,60,18,8.23,ZM,1598045542
94,torbay,47.67,-52.73,68.0,55,75,20.8,CA,1598045542
95,cape town,-33.93,18.42,50.0,93,13,1.12,ZA,1598045522
96,san patricio,19.22,-104.7,87.8,74,75,9.17,MX,1598045543
97,oyem,1.6,11.58,68.25,99,92,3.74,GA,1598045544
98,albany,42.6,-73.97,87.01,34,85,1.99,US,1598045409
99,boueni,-12.9,45.08,73.4,73,5,4.14,YT,1598045545
100,mezhdurechensk,53.69,88.06,52.32,92,70,2.59,RU,1598045545
101,khatanga,71.97,102.5,44.19,65,0,13.85,RU,1598045545
102,saldanha,-33.01,17.94,53.6,81,0,2.24,ZA,1598045545
103,dikson,73.51,80.55,42.6,81,0,13.71,RU,1598045546
104,broken hill,-31.95,141.43,41.0,80,30,13.87,AU,1598045546
105,flin flon,54.77,-101.86,68.0,68,90,10.29,CA,1598045546
106,iqaluit,63.75,-68.51,51.8,71,75,3.36,CA,1598045546
107,raudeberg,61.99,5.14,62.01,90,99,13.15,NO,1598045546
108,hermanus,-34.42,19.23,54.0,78,52,1.01,ZA,1598045493
109,tuktoyaktuk,69.45,-133.04,62.6,67,20,4.7,CA,1598045547
110,kijang,35.24,129.21,75.2,83,40,8.05,KR,1598045547
111,morro bay,35.37,-120.85,99.0,46,4,1.99,US,1598045336
112,christchurch,-43.53,172.63,51.01,100,90,2.24,NZ,1598045295
113,souillac,-20.52,57.52,69.8,77,40,4.7,MU,1598045547
114,hobyo,5.35,48.53,76.33,80,83,25.52,SO,1598045547
115,vaini,-21.2,-175.2,77.0,88,40,6.93,TO,1598045547
116,ossora,59.24,163.07,53.31,80,100,3.29,RU,1598045547
117,chingola,-12.53,27.88,64.69,48,38,8.81,ZM,1598045548
118,sonqor,34.78,47.6,73.4,15,0,6.93,IR,1598045548
119,tiksi,71.69,128.87,38.57,83,100,12.75,RU,1598045548
120,portland,45.52,-122.68,75.99,53,90,10.29,US,1598045491
121,anopino,55.7,40.67,52.47,95,0,4.72,RU,1598045549
122,chadiza,-14.07,32.44,63.61,65,75,11.14,ZM,1598045549
123,lunenburg,44.38,-64.32,78.01,48,47,7.0,CA,1598045333
124,muros,42.78,-9.06,63.0,87,1,4.36,ES,1598045549
125,north bend,43.41,-124.22,72.0,77,90,9.17,US,1598045549
126,bredasdorp,-34.53,20.04,50.0,93,45,1.12,ZA,1598045549
127,kota belud,6.35,116.43,77.0,94,20,5.82,MY,1598045549
128,marsabit,2.33,37.99,65.37,70,100,25.66,KE,1598045549
129,port elizabeth,-33.92,25.57,55.4,82,73,2.24,ZA,1598045550
130,ancud,-41.87,-73.82,50.0,76,0,5.82,CL,1598045550
131,kargil,34.57,76.1,52.02,58,0,7.49,IN,1598045550
132,roma,43.21,-75.46,82.4,48,40,12.75,US,1598045406
133,pisco,-13.7,-76.22,64.0,82,75,8.05,PE,1598045550
134,parangan,5.08,119.94,83.28,74,15,8.46,PH,1598045550
135,pakxan,18.38,103.66,73.6,96,100,3.33,LA,1598045551
136,berga,60.39,5.33,62.6,88,75,29.97,NO,1598045551
137,cayenne,4.93,-52.33,84.2,70,3,5.82,GF,1598045551
138,labuhan,-6.88,112.21,75.92,78,84,8.77,ID,1598045551
139,provideniya,64.38,-173.3,49.98,90,100,9.22,RU,1598045551
140,ninh binh,20.25,105.97,77.43,91,98,3.2,VN,1598045551
141,tabou,4.42,-7.35,75.67,83,99,9.33,CI,1598045551
142,maceio,-9.67,-35.74,75.2,83,40,6.93,BR,1598045433
143,norman wells,65.28,-126.83,64.4,55,75,17.22,CA,1598045552
144,salalah,17.02,54.09,77.0,100,75,6.93,OM,1598045552
145,ustye,59.63,39.74,53.91,94,0,1.81,RU,1598045552
146,hofn,64.25,-15.21,49.41,58,0,21.45,IS,1598045552
147,rocha,-34.48,-54.33,45.18,74,0,5.35,UY,1598045552
148,saurimo,-9.66,20.39,70.09,65,91,4.16,AO,1598045553
149,zonguldak,41.25,31.83,59.31,88,0,3.8,TR,1598045552
150,busselton,-33.65,115.33,51.01,72,94,7.25,AU,1598045553
151,bandiagara,14.35,-3.61,84.2,89,95,3.36,ML,1598045553
152,henties bay,-22.12,14.28,66.99,21,38,8.39,NA,1598045553
153,hithadhoo,-0.6,73.08,83.73,70,74,6.35,MV,1598045554
154,pangoa,-12.12,-73.0,61.2,83,100,2.21,PE,1598045554
155,sompeta,18.93,84.6,80.19,85,100,10.87,IN,1598045554
156,pacific grove,36.62,-121.92,82.0,57,90,6.93,US,1598045498
157,quatre cocos,-20.21,57.76,70.0,77,40,4.7,MU,1598045554
158,bada,51.39,109.87,57.16,85,96,1.88,RU,1598045554
159,sahawar,27.8,78.85,78.58,88,29,9.82,IN,1598045554
160,chuy,-33.7,-53.46,47.95,72,0,5.12,UY,1598045555
161,sangin,32.07,64.84,76.15,13,0,4.7,AF,1598045555
162,victoria,22.29,114.16,80.01,78,74,1.45,HK,1598045287
163,grand-lahou,5.14,-5.02,74.34,91,34,8.7,CI,1598045555
164,lorengau,-2.02,147.27,84.58,68,39,9.6,PG,1598045555
165,pangnirtung,66.15,-65.71,53.6,76,20,8.05,CA,1598045555
166,monzon,41.91,0.19,80.6,69,0,6.93,ES,1598045556
167,esil,51.96,66.4,55.56,88,95,4.43,KZ,1598045556
168,biak,-0.91,122.88,75.58,79,49,5.66,ID,1598045556
169,longyearbyen,78.22,15.64,41.0,93,75,3.36,SJ,1598045556
170,ambilobe,-13.2,49.05,66.04,82,56,3.67,MG,1598045556
171,gayeri,12.65,0.49,75.51,87,100,11.25,BF,1598045556
172,mar del plata,-38.0,-57.56,53.01,76,0,5.82,AR,1598045381
173,slave lake,55.28,-114.77,73.4,43,75,20.8,CA,1598045556
174,butaritari,3.07,172.79,81.88,67,76,1.97,KI,1598045557
175,pasighat,28.07,95.33,75.58,85,63,2.01,IN,1598045557
176,lata,40.16,-8.33,69.01,91,50,2.37,PT,1598045557
177,nishihara,26.18,127.76,82.4,83,40,3.09,JP,1598045557
178,komatsu,36.4,136.45,78.8,88,20,3.36,JP,1598045557
179,zhezkazgan,47.8,67.71,62.62,33,65,5.91,KZ,1598045557
180,soe,-9.86,124.28,62.89,77,1,4.32,ID,1598045557
181,pilar,-9.6,-35.96,75.2,83,40,6.93,BR,1598045558
182,tepelene,40.3,20.02,73.83,49,0,2.42,AL,1598045558
183,ismailia,30.6,32.27,72.27,79,0,8.01,EG,1598045558
184,yulara,-25.24,130.99,44.6,48,0,1.12,AU,1598045558
185,moyale,3.52,39.06,70.75,59,99,14.36,KE,1598045558
186,elayirampannai,9.27,77.83,80.6,74,20,4.18,IN,1598045558
187,sola,-13.88,167.55,84.2,74,75,17.29,VU,1598045558
188,kot samaba,28.55,70.47,92.62,49,84,6.02,PK,1598045559
189,aksu,41.12,80.26,70.11,49,1,7.16,CN,1598045559
190,emirdag,39.02,31.15,62.13,65,2,5.57,TR,1598045559
191,barrow,71.29,-156.79,48.2,93,90,6.93,US,1598045559
192,taitung,22.76,121.14,79.7,74,30,2.64,TW,1598045559
193,nanortalik,60.14,-45.24,46.94,69,0,1.28,GL,1598045559
194,machado,-21.67,-45.92,55.13,84,100,5.99,BR,1598045559
195,lagoa,39.05,-27.98,69.26,62,0,2.26,PT,1598045559
196,novo aripuana,-5.12,-60.38,88.43,37,8,1.1,BR,1598045560
197,najran,17.49,44.13,84.2,18,73,4.7,SA,1598045560
198,vila franca do campo,37.72,-25.43,71.6,88,20,6.93,PT,1598045560
199,port hedland,-20.32,118.57,60.8,38,0,8.05,AU,1598045560
200,geraldton,-28.77,114.6,59.0,67,90,12.75,AU,1598045560
201,jalu,29.03,21.55,80.29,56,0,14.2,LY,1598045306
202,amapa,1.0,-52.0,85.96,58,89,2.75,BR,1598045385
203,buin,-33.73,-70.75,75.2,15,0,4.7,CL,1598045560
204,asau,46.43,26.4,60.01,97,2,3.53,RO,1598045561
205,praxedis guerrero,31.37,-106.02,100.99,16,5,6.93,MX,1598045561
206,togur,58.36,82.83,48.96,90,42,6.8,RU,1598045561
207,kahului,20.89,-156.47,87.8,52,40,24.16,US,1598045266
208,hanyang,32.14,105.51,66.0,99,93,1.01,CN,1598045561
209,rawlins,41.79,-107.24,86.0,16,1,6.93,US,1598045521
210,saint-philippe,-21.36,55.77,66.2,59,42,6.93,RE,1598045561
211,bahile,10.0,118.79,78.76,88,34,4.54,PH,1598045562
212,mao,39.89,4.27,80.6,88,75,4.56,ES,1598045562
213,cherskiy,68.75,161.3,41.63,79,100,15.68,RU,1598045562
214,male,4.17,73.51,82.4,83,75,1.12,MV,1598045562
215,chapleau,47.84,-83.4,71.6,56,75,2.24,CA,1598045562
216,lancaster,40.25,-76.25,84.2,54,75,10.29,US,1598045443
217,nikolskoye,59.7,30.79,64.4,59,0,4.47,RU,1598045563
218,methven,-43.63,171.65,46.99,98,0,3.18,NZ,1598045563
219,freeport,40.66,-73.58,82.99,61,1,16.11,US,1598045459
220,inhambane,-23.86,35.38,64.24,76,31,10.96,MZ,1598045564
221,sibiti,-3.68,13.35,70.11,81,91,2.53,CG,1598045565
222,rairangpur,22.27,86.18,77.41,88,100,6.06,IN,1598045565
223,atar,20.52,-13.05,88.7,43,21,0.98,MR,1598045565
224,egvekinot,66.32,-179.17,45.93,95,100,6.13,RU,1598045565
225,mamallapuram,12.63,80.17,82.4,83,40,8.05,IN,1598045566
226,dingle,11.0,122.67,75.83,90,46,0.87,PH,1598045566
227,tazmalt,36.39,4.4,78.8,94,40,3.36,DZ,1598045566
228,port blair,11.67,92.75,81.81,81,100,9.71,IN,1598045417
229,urumqi,43.8,87.6,71.6,46,100,6.71,CN,1598045566
230,caravelas,-17.71,-39.25,72.01,87,88,13.62,BR,1598045566
231,fairbanks,64.84,-147.72,57.2,82,75,2.28,US,1598045403
232,saskylakh,71.92,114.08,37.67,84,3,3.49,RU,1598045566
233,esperance,-33.87,121.9,44.6,100,100,9.17,AU,1598045567
234,ust-kuyga,70.02,135.6,37.15,85,100,4.72,RU,1598045567
235,camaqua,-30.85,-51.81,45.45,66,0,2.37,BR,1598045567
236,horconcitos,8.47,-81.8,70.66,95,99,3.4,PA,1598045567
237,gasa,31.5,34.47,80.6,74,40,6.93,PS,1598045440
238,cidreira,-30.18,-50.21,48.7,59,0,7.67,BR,1598045445
239,tura,25.52,90.22,73.18,93,86,4.9,IN,1598045567
240,sungairaya,0.7,108.9,78.91,85,86,2.55,ID,1598045567
241,kisangani,0.52,25.2,73.35,89,34,1.95,CD,1598045568
242,namibe,-15.2,12.15,66.0,62,95,6.26,AO,1598045568
243,bandarban,22.2,92.23,74.1,97,98,2.75,BD,1598045568
244,half moon bay,37.46,-122.43,86.0,77,1,16.11,US,1598045396
245,senanga,-16.12,23.27,67.5,41,58,3.91,ZM,1598045568
246,roros,62.57,11.38,60.8,87,100,14.99,NO,1598045568
247,acajutla,13.59,-89.83,82.4,78,40,3.36,SV,1598045301
248,paamiut,61.99,-49.67,45.0,81,0,1.68,GL,1598045569
249,beringovskiy,63.05,179.32,51.67,92,100,17.22,RU,1598045569
250,verkhnyaya toyma,62.23,45.0,50.72,76,59,2.55,RU,1598045569
251,russell,32.35,-85.2,86.0,58,20,8.05,US,1598045569
252,aklavik,68.22,-135.01,59.0,77,75,6.93,CA,1598045569
253,yei,4.09,30.68,67.28,93,91,2.95,SS,1598045569
254,nara,34.69,135.8,82.99,83,20,8.05,JP,1598045569
255,san matias,-16.37,-58.4,56.1,38,71,7.07,BO,1598045570
256,bellavista,-7.06,-76.59,73.4,94,90,8.05,PE,1598045570
257,coihaique,-45.58,-72.07,53.6,50,20,6.93,CL,1598045570
258,zhuhai,22.28,113.57,82.99,88,20,3.36,CN,1598045570
259,talcahuano,-36.72,-73.12,60.8,63,0,6.93,CL,1598045570
260,kaitangata,-46.28,169.85,51.01,91,84,1.99,NZ,1598045570
261,belton,38.81,-94.53,90.0,35,1,3.36,US,1598045273
262,vuktyl,63.86,57.31,50.86,93,69,8.68,RU,1598045571
263,airai,-8.93,125.41,57.74,51,0,3.33,TL,1598045571
264,gamba,-2.65,10.0,73.49,82,84,3.85,GA,1598045571
265,lujiang,31.26,117.28,78.8,100,90,4.47,CN,1598045300
266,oriximina,-1.77,-55.87,88.36,33,0,4.14,BR,1598045573
267,kununurra,-15.77,128.73,68.0,55,68,4.7,AU,1598045499
268,chino valley,34.76,-112.45,97.0,29,1,13.87,US,1598045523
269,bardiyah,31.76,25.09,76.28,73,0,9.66,LY,1598045573
270,guerrero negro,27.98,-114.06,95.29,39,8,29.1,MX,1598045573
271,si sa ket,15.11,104.33,80.01,93,100,4.03,TH,1598045573
272,berlevag,70.86,29.09,57.2,100,75,11.41,NO,1598045574
273,kismayo,-0.36,42.55,77.14,78,84,14.99,SO,1598045574
274,polunochnoye,60.87,60.42,48.7,94,90,5.46,RU,1598045574
275,chengde,40.97,117.94,59.13,86,0,1.39,CN,1598045574
276,inuvik,68.35,-133.72,62.6,63,20,8.05,CA,1598045304
277,huarmey,-10.07,-78.15,64.94,71,83,8.93,PE,1598045574
278,kamaishi,39.27,141.88,73.24,86,99,2.28,JP,1598045575
279,alyangula,-13.85,136.42,57.2,93,0,9.89,AU,1598045575
280,kloulklubed,7.04,134.26,82.76,73,93,10.74,PW,1598045575
281,schwerte,51.45,7.57,75.2,64,55,10.29,DE,1598045575
282,mahebourg,-20.41,57.7,69.8,77,40,4.7,MU,1598045575
283,cockburn town,21.46,-71.14,86.0,70,40,13.87,TC,1598045571
284,gryazovets,58.88,40.25,52.41,94,0,2.35,RU,1598045576
285,fernie,49.5,-115.07,80.6,31,40,10.29,CA,1598045576
286,arlit,18.74,7.39,98.13,21,17,9.22,NE,1598045576
287,kokopo,-4.35,152.26,79.57,83,1,6.42,PG,1598045576
288,dmytrivka,45.97,28.99,73.17,58,0,10.87,UA,1598045576
289,valparaiso,-33.04,-71.63,55.4,71,0,4.7,CL,1598045452
290,itarema,-2.92,-39.92,78.48,82,4,14.36,BR,1598045576
291,leningradskiy,69.38,178.42,43.59,80,100,2.75,RU,1598045577
292,westport,41.14,-73.36,82.99,61,1,12.75,US,1598045395
293,saint-georges,12.06,-61.75,86.0,74,40,13.87,GD,1598045577
294,salinopolis,-0.61,-47.36,78.89,86,11,12.01,BR,1598045577
295,goderich,43.75,-81.72,75.0,80,0,3.69,CA,1598045577
296,sao filipe,14.9,-24.5,77.81,74,51,3.98,CV,1598045578
297,washougal,45.58,-122.35,75.2,60,90,4.43,US,1598045578
298,brae,60.4,-1.35,55.4,93,83,2.24,GB,1598045578
299,brandon,27.94,-82.29,80.6,88,1,4.7,US,1598045410
300,husum,54.49,9.05,68.0,77,47,5.82,DE,1598045578
301,upernavik,72.79,-56.15,44.51,70,18,10.18,GL,1598045579
302,wum,6.38,10.07,63.48,100,96,1.32,CM,1598045579
303,caranavi,-15.82,-67.55,56.21,76,99,1.07,BO,1598045579
304,bilma,18.69,12.92,93.22,35,80,11.36,NE,1598045579
305,chakia,26.42,85.05,79.7,84,61,17.02,IN,1598045579
306,mae hong son,19.3,97.97,73.71,88,100,1.23,TH,1598045580
307,linjiang,41.81,126.91,64.87,88,43,2.04,CN,1598045580
308,ponta do sol,32.67,-17.1,73.99,88,75,8.05,PT,1598045580
309,krasnoarmeysk,51.02,45.7,62.01,49,0,5.99,RU,1598045580
310,kenai,60.55,-151.26,71.6,40,1,8.05,US,1598045581
311,strezhevoy,60.73,77.59,55.4,93,75,8.95,RU,1598045581
312,mehamn,71.04,27.85,57.2,82,75,10.29,NO,1598045581
313,santa ana,33.75,-117.87,90.0,65,75,12.75,US,1598045522
314,chernyshevskiy,63.01,112.47,45.59,67,48,2.42,RU,1598045581
315,sao joao da barra,-21.64,-41.05,69.8,73,90,9.17,BR,1598045581
316,mandera,3.94,41.87,79.61,58,100,21.23,KE,1598045582
317,babati,-4.22,35.75,57.54,85,15,2.75,TZ,1598045582
318,kavieng,-2.57,150.8,83.32,74,0,8.52,PG,1598045582
319,alta floresta,-9.88,-56.09,86.0,37,0,5.82,BR,1598045551
320,ostrovnoy,68.05,39.51,53.83,90,69,5.93,RU,1598045583
321,karratha,-20.74,116.85,69.94,32,0,9.15,AU,1598045583
322,fortuna,40.6,-124.16,79.0,70,23,4.0,US,1598045583
323,tasiilaq,65.61,-37.64,44.6,65,13,9.17,GL,1598045584
324,omsukchan,62.53,155.8,39.11,89,100,7.45,RU,1598045585
325,thenzawl,23.32,92.75,66.45,100,98,1.23,IN,1598045585
326,warri,5.52,5.75,74.57,92,95,3.15,NG,1598045585
327,ribeira grande,38.52,-28.7,71.6,73,75,3.36,PT,1598045585
328,dunedin,-45.87,170.5,46.99,93,79,5.99,NZ,1598045586
329,tukrah,32.53,20.58,77.77,72,0,13.96,LY,1598045586
330,mount isa,-20.73,139.5,59.0,30,55,9.17,AU,1598045586
331,kruisfontein,-34.0,24.73,51.01,91,98,1.01,ZA,1598045586
332,ahipara,-35.17,173.17,59.9,80,0,6.69,NZ,1598045586
333,lamtah,35.67,10.88,86.0,79,0,12.75,TN,1598045587
334,kuching,1.55,110.33,77.0,94,40,2.24,MY,1598045587
335,bogorodskoye,56.55,37.88,53.13,90,0,3.76,RU,1598045587
336,bengkulu,-3.8,102.27,75.27,85,80,4.38,ID,1598045587
337,sitka,57.05,-135.33,60.8,82,75,4.38,US,1598045587
338,noshiro,40.2,140.02,73.92,83,65,1.95,JP,1598045587
339,ialibu,-6.28,143.99,59.11,88,21,1.59,PG,1598045587
340,codrington,-38.27,141.97,46.65,81,80,17.36,AU,1598045588
341,hasaki,35.73,140.83,77.0,100,75,2.24,JP,1598045588
342,nuuk,64.18,-51.72,42.8,93,90,9.17,GL,1598045398
343,worthington,40.09,-83.02,86.0,48,75,3.36,US,1598045588
344,klaksvik,62.23,-6.59,51.8,93,83,16.11,FO,1598045588
345,trinidad,-14.83,-64.9,59.0,54,90,10.29,BO,1598045588
346,belturbet,54.1,-7.45,59.0,79,46,4.0,IE,1598045589
347,quesnel,53.0,-122.5,60.8,93,90,2.24,CA,1598045589
348,hov,60.7,10.35,62.01,98,83,11.25,NO,1598045589
349,banda aceh,5.56,95.32,79.56,78,100,1.86,ID,1598045589
350,severo-yeniseyskiy,60.37,93.04,49.08,99,94,2.35,RU,1598045589
351,keti bandar,24.14,67.45,83.7,84,100,4.97,PK,1598045589
352,hailun,47.45,126.93,55.04,81,9,5.75,CN,1598045590
353,sassandra,4.95,-6.08,75.24,84,46,7.87,CI,1598045590
354,beloha,-25.17,45.05,60.33,82,20,7.4,MG,1598045478
355,tahta,26.77,31.5,87.8,31,0,6.93,EG,1598045590
356,ivankiv,50.94,29.89,64.4,100,7,8.95,UA,1598045590
357,adria,45.06,12.06,75.0,79,0,1.99,IT,1598045590
358,mahibadhoo,3.78,72.97,83.39,64,73,3.02,MV,1598045591
359,vao,-22.67,167.48,71.13,74,19,6.11,NC,1598045591
360,eureka,40.8,-124.16,77.0,29,16,5.01,US,1598045303
361,severo-kurilsk,50.68,156.12,55.09,72,38,9.69,RU,1598045591
362,vardo,70.37,31.11,53.6,100,75,8.05,NO,1598045591
363,gat,31.61,34.76,79.0,77,1,2.75,IL,1598045592
364,nelson bay,-32.72,152.15,54.0,66,90,14.99,AU,1598045592
365,usinsk,65.99,57.53,45.77,96,49,10.69,RU,1598045592
366,srednekolymsk,67.45,153.68,41.92,68,100,14.12,RU,1598045592
367,sandpoint,48.28,-116.55,84.99,28,1,3.36,US,1598045408
368,bilokurakyne,49.53,38.73,65.98,49,100,6.11,UA,1598045592
369,tevriz,57.51,72.4,50.16,97,62,3.58,RU,1598045592
370,cabo rojo,18.09,-67.15,87.01,78,78,1.01,PR,1598045593
371,kungurtug,50.6,97.52,44.6,84,2,1.66,RU,1598045593
372,necochea,-38.55,-58.74,48.99,75,0,1.99,AR,1598045593
373,samarai,-10.62,150.67,77.56,77,99,8.3,PG,1598045593
374,havelock,34.88,-76.9,82.4,74,75,9.17,US,1598045593
375,sulangan,11.14,123.72,83.48,76,69,6.31,PH,1598045594
376,constitucion,-35.33,-72.42,55.8,71,0,5.48,CL,1598045594
377,esso,55.93,158.7,49.55,73,100,3.56,RU,1598045594
378,broome,42.25,-75.83,82.99,42,20,5.82,US,1598045594
379,wasilla,61.58,-149.44,71.6,43,1,6.93,US,1598045594
380,barsovo,61.17,73.17,57.2,100,40,4.47,RU,1598045594
381,alugan,12.22,125.48,80.44,84,43,7.0,PH,1598045594
382,vestmanna,62.16,-7.17,51.8,93,82,16.11,FO,1598045595
383,san quintin,30.48,-115.95,81.16,59,99,5.93,MX,1598045595
384,naze,28.37,129.48,77.0,94,45,3.36,JP,1598045595
385,redlands,34.06,-117.18,107.6,17,40,6.93,US,1598045595
386,mezen,65.85,44.24,54.61,95,88,4.36,RU,1598045595
387,touros,-5.2,-35.46,77.0,83,20,9.17,BR,1598045595
388,bani walid,31.76,13.99,72.64,73,0,5.46,LY,1598045596
389,qaqortoq,60.72,-46.03,57.2,44,5,6.93,GL,1598045596
390,sovetsk,55.08,21.88,68.79,71,98,7.65,RU,1598045596
391,agidel,55.91,53.94,51.06,94,94,7.34,RU,1598045596
392,opuwo,-18.06,13.84,54.23,32,47,6.13,NA,1598045596
393,verkhoyansk,67.54,133.38,41.58,74,92,7.18,RU,1598045596
394,bereda,43.27,-7.54,60.01,88,0,5.01,ES,1598045597
395,narsaq,60.92,-46.05,57.2,44,5,6.93,GL,1598045597
396,barranca,-10.75,-77.77,62.96,75,91,8.3,PE,1598045597
397,shubarshi,48.59,57.19,61.18,51,0,7.54,KZ,1598045597
398,kavaratti,10.57,72.64,81.64,81,100,11.43,IN,1598045597
399,polson,47.69,-114.16,90.0,45,0,0.76,US,1598045598
400,tucurui,-3.77,-49.67,83.32,43,43,0.43,BR,1598045598
401,leh,34.17,77.58,58.39,37,13,5.82,IN,1598045598
402,puerto colombia,10.99,-74.95,89.6,70,40,5.82,CO,1598045598
403,odweyne,9.41,45.06,75.49,55,67,14.56,SO,1598045598
404,arkhipo-osipovka,44.37,38.52,72.59,61,43,14.9,RU,1598045598
405,ilam,26.92,87.92,65.79,95,97,3.38,NP,1598045598
406,namatanai,-3.67,152.43,81.27,79,1,5.06,PG,1598045599
407,anzio,41.49,12.62,78.01,88,5,3.36,IT,1598045599
408,jinchang,38.5,102.17,67.05,57,58,0.81,CN,1598045599
409,quelimane,-17.88,36.89,68.38,82,47,8.21,MZ,1598045599
410,crotone,39.09,17.12,79.47,52,0,4.34,IT,1598045599
411,aasiaat,68.71,-52.87,43.2,66,1,3.02,GL,1598045600
412,nome,64.5,-165.41,55.0,81,90,9.17,US,1598045392
413,swan river,52.11,-101.27,63.55,91,100,13.91,CA,1598045600
414,merauke,-8.47,140.33,74.39,83,3,10.74,ID,1598045600
415,saulkrasti,57.26,24.41,66.2,82,87,9.17,LV,1598045600
416,puerto lopez,4.08,-72.96,82.29,82,91,4.88,CO,1598045600
417,puerto leguizamo,-0.19,-74.78,79.14,93,33,3.29,CO,1598045600
418,tupiza,-21.45,-65.72,61.52,18,93,17.76,BO,1598045600
419,isangel,-19.55,169.27,75.2,94,90,7.67,VU,1598045601
420,quime,-16.98,-67.22,52.18,59,90,2.48,BO,1598045601
421,pontianak,-0.03,109.33,75.99,94,91,2.24,ID,1598045601
422,laguna de perlas,12.34,-83.67,87.8,66,40,4.7,NI,1598045601
423,manaus,-3.1,-60.02,95.0,52,20,3.36,BR,1598045601
424,la ronge,55.1,-105.28,68.0,68,75,14.99,CA,1598045601
425,poyarkovo,49.6,128.68,63.12,65,47,9.75,RU,1598045602
426,zhumadian,32.98,114.03,70.68,98,95,5.44,CN,1598045602
427,dhidhdhoo,6.88,73.1,83.1,68,92,4.54,MV,1598045602
428,saint-benoit,-21.04,55.72,66.2,68,20,6.93,RE,1598045602
429,coquimbo,-29.95,-71.34,53.6,81,0,11.41,CL,1598045602
430,minas novas,-17.22,-42.59,72.77,60,64,6.55,BR,1598045603
431,saint-prosper,46.21,-70.48,70.0,100,73,3.71,CA,1598045603
432,vrangel,42.73,133.08,63.05,71,24,3.15,RU,1598045604
433,nhulunbuy,-12.23,136.77,66.2,93,3,8.97,AU,1598045604
434,khandyga,62.67,135.6,48.22,52,12,3.62,RU,1598045605
435,nieuw nickerie,5.95,-56.98,81.5,83,72,13.65,SR,1598045605
436,carmen,18.63,-91.83,87.8,62,40,9.17,MX,1598045512
437,charlottesville,38.03,-78.48,80.6,65,40,3.36,US,1598045499
438,trapani,37.83,12.67,78.01,88,0,5.82,IT,1598045606
439,banepa,27.63,85.52,69.8,94,40,4.7,NP,1598045606
440,kampene,-3.6,26.67,71.6,86,98,1.9,CD,1598045606
441,araouane,18.9,-3.53,100.85,16,5,2.64,ML,1598045606
442,adelanto,34.58,-117.41,102.99,11,5,4.7,US,1598045606
443,makakilo city,21.35,-158.09,87.8,48,75,9.17,US,1598045606
444,luwuk,-0.95,122.79,75.85,73,44,4.45,ID,1598045607
445,kharan,28.58,65.42,89.94,43,96,13.89,PK,1598045411
446,okakarara,-20.58,17.43,46.65,45,8,3.71,NA,1598045607
447,northam,51.03,-4.22,62.01,89,21,5.99,GB,1598045607
448,empalme,27.97,-110.82,93.2,63,40,16.11,MX,1598045607
449,tigil,57.8,158.67,49.84,93,100,12.93,RU,1598045608
450,qujing,25.48,103.78,61.72,91,77,3.87,CN,1598045608
451,huanren,41.26,125.37,65.66,93,66,2.59,CN,1598045608
452,hoopstad,-27.83,25.91,42.48,50,0,4.76,ZA,1598045608
453,talnakh,69.49,88.4,55.4,93,100,6.71,RU,1598045608
454,hami,42.8,93.45,76.26,24,66,3.98,CN,1598045608
455,santiago,-33.46,-70.65,75.2,15,0,4.7,CL,1598045463
456,xuanhua,40.61,115.04,61.18,82,65,3.53,CN,1598045609
457,pedernales,18.04,-71.74,91.4,63,40,18.34,DO,1598045609
458,reconquista,-29.15,-59.65,50.02,46,0,3.13,AR,1598045609
459,bowen,-20.02,148.23,61.0,93,0,3.36,AU,1598045609
460,guaruja,-23.99,-46.26,57.2,87,90,8.05,BR,1598045429
461,zemio,5.03,25.14,69.98,94,71,3.0,CF,1598045610
462,kauhajoki,62.43,22.18,63.0,77,90,5.82,FI,1598045610
463,acarau,-2.89,-40.12,78.19,82,5,13.0,BR,1598045610
464,romulus,42.22,-83.4,89.6,33,1,5.82,US,1598045610
465,veraval,20.9,70.37,81.61,86,100,14.67,IN,1598045610
466,laguna,38.42,-121.42,87.8,35,90,4.7,US,1598045610
467,rancho palos verdes,33.74,-118.39,82.0,74,40,8.05,US,1598045522
468,sur,22.57,59.53,82.67,70,100,11.5,OM,1598045611
469,diffa,13.32,12.61,81.12,64,54,7.83,NE,1598045611
470,pangody,65.85,74.49,49.08,89,1,6.24,RU,1598045611
471,port lincoln,-34.73,135.87,49.24,65,2,20.58,AU,1598045611
472,stuttgart,48.78,9.18,79.0,57,0,5.82,DE,1598045611
473,kralendijk,12.15,-68.27,87.8,70,40,10.29,BQ,1598045411
474,tuban,-6.9,112.06,75.07,81,91,7.47,ID,1598045612
475,hualmay,-11.1,-77.61,62.73,75,83,7.81,PE,1598045612
476,vagur,61.47,-6.81,53.22,89,93,18.99,FO,1598045612
477,mogadishu,2.04,45.34,76.37,84,99,15.68,SO,1598045612
478,robertsport,6.75,-11.37,76.98,85,98,13.33,LR,1598045612
479,santo tomas,14.11,121.14,80.01,94,38,2.24,PH,1598045612
480,da nang,16.07,108.22,77.0,94,20,2.24,VN,1598045612
481,sao marcos,-28.97,-51.07,46.99,27,0,2.91,BR,1598045613
482,san policarpo,12.18,125.51,80.96,83,54,7.25,PH,1598045613
483,nioki,-2.72,17.68,78.8,71,16,2.08,CD,1598045613
484,verkhnevilyuysk,63.45,120.32,44.22,64,0,2.37,RU,1598045613
485,olenegorsk,68.15,33.3,56.43,87,23,6.02,RU,1598045613
486,ixtapa,20.7,-105.2,89.01,70,75,6.93,MX,1598045614
487,takoradi,4.88,-1.76,74.55,91,18,8.14,GH,1598045614
488,houma,29.6,-90.72,91.99,43,40,6.93,US,1598045540
489,marquette,46.53,-87.63,71.01,88,90,1.07,US,1598045342
490,scarborough,54.28,-0.4,63.0,76,100,5.99,GB,1598045614
491,kolokani,13.57,-8.03,75.07,88,94,7.18,ML,1598045614
492,hornostayivka,47.01,33.73,76.89,53,74,14.07,UA,1598045614
493,tual,-5.67,132.75,79.05,85,28,18.1,ID,1598045615
494,bella union,-30.28,-57.6,47.25,54,0,4.45,UY,1598045615
495,sapa,5.15,120.32,82.94,74,56,8.59,PH,1598045615
496,wagar,16.15,36.2,91.98,46,93,16.31,SD,1598045615
497,kemi,65.86,24.82,59.0,100,15,4.7,FI,1598045615
498,koson,39.04,65.58,68.0,42,0,4.7,UZ,1598045615
499,cepu,-7.15,111.59,72.14,78,86,2.71,ID,1598045616
500,yabelo,4.88,38.08,60.57,73,44,7.65,ET,1598045616
501,kieta,-6.22,155.63,81.9,72,53,1.61,PG,1598045616
502,lebu,-37.62,-73.65,50.49,80,0,14.14,CL,1598045616
503,catamarca,-28.47,-65.79,66.0,24,0,5.01,AR,1598045616
504,dalby,-27.18,151.27,46.99,57,59,1.99,AU,1598045616
505,hay river,60.82,-115.8,60.8,77,75,13.87,CA,1598045617
506,naberera,-4.2,36.93,57.27,94,45,8.21,TZ,1598045617
507,xiongzhou,25.12,114.3,75.85,85,100,1.45,CN,1598045617
508,saint-augustin,51.23,-58.65,62.49,56,57,15.73,CA,1598045617
509,rehoboth,-23.32,17.08,38.77,65,0,3.22,NA,1598045617
510,yako,12.97,-2.27,71.67,88,94,27.4,BF,1598045617
511,khrebtovaya,56.7,104.25,58.84,61,100,1.59,RU,1598045617
512,lake havasu city,34.48,-114.32,105.01,24,1,10.29,US,1598045618
513,catuday,16.29,119.81,79.05,86,100,11.77,PH,1598045618
514,saint-pierre,-21.34,55.48,66.2,59,3,6.93,RE,1598045578
515,esmeraldas,-19.76,-44.31,64.4,77,75,12.75,BR,1598045618
516,trairi,-3.28,-39.27,78.3,81,1,11.36,BR,1598045618
517,taltal,-25.4,-70.48,60.58,59,18,4.29,CL,1598045618
518,yerofey pavlovich,53.97,121.97,55.74,91,79,2.28,RU,1598045618
519,pinega,64.7,43.39,55.31,94,98,4.47,RU,1598045619
520,abnub,27.27,31.15,86.0,45,0,11.41,EG,1598045619
521,suhbaatar,50.23,106.21,59.94,91,100,0.65,MN,1598045619
522,semnan,35.57,53.4,89.6,16,0,2.24,IR,1598045619
523,acapulco,16.86,-99.89,86.0,74,20,2.24,MX,1598045619
524,dickinson,29.46,-95.05,91.99,55,40,12.75,US,1598045485
525,iguatu,-6.36,-39.3,88.43,31,100,5.53,BR,1598045575
526,kayerkan,69.35,87.76,55.4,93,100,6.71,RU,1598045620
527,istisu,40.95,48.07,69.8,64,8,7.27,AZ,1598045620
528,chapais,49.78,-74.85,64.4,36,1,6.93,CA,1598045620
529,turukhansk,65.82,87.98,57.02,61,95,10.69,RU,1598045620
530,taksimo,56.34,114.88,54.21,73,90,0.81,RU,1598045620
531,ngunguru,-35.62,174.5,55.99,3,4,4.0,NZ,1598045621
532,buala,-8.14,159.59,83.23,71,94,4.43,SB,1598045621
533,byron bay,-28.65,153.62,55.0,62,46,9.17,AU,1598045621
534,wattegama,6.8,81.48,78.8,100,40,5.82,LK,1598045621
535,qingdao,36.1,120.37,71.01,94,75,4.47,CN,1598045622
536,muroto,33.28,134.15,78.8,88,40,5.82,JP,1598045622
537,maracas,-13.44,-40.43,64.83,96,7,9.31,BR,1598045622
538,nizhniy tsasuchey,50.52,115.13,64.45,84,100,4.88,RU,1598045622
539,seguela,7.96,-6.67,72.75,89,66,1.97,CI,1598045623
540,saint anthony,45.02,-93.22,89.01,52,1,11.41,US,1598045623
541,bulgan,48.81,103.53,53.08,86,75,3.71,MN,1598045624
542,coahuayana,18.73,-103.68,80.6,78,40,11.41,MX,1598045624
543,zeya,53.75,127.27,59.2,85,0,1.1,RU,1598045624
544,aswan,24.09,32.91,87.19,21,0,8.46,EG,1598045625
545,patnos,39.23,42.86,64.02,39,0,1.81,TR,1598045625
546,cap malheureux,-19.98,57.61,70.0,69,22,5.99,MU,1598045625
547,bandundu,-3.32,17.37,79.34,64,27,1.72,CD,1598045625
548,manchester,53.48,-2.24,63.0,77,90,9.17,GB,1598045352
549,cururupu,-1.83,-44.87,76.44,86,4,3.91,BR,1598045626
550,tacloban,11.24,125.01,79.7,85,96,4.21,PH,1598045626
551,campeche,19.0,-90.5,90.95,50,98,7.63,MX,1598045557
552,viedma,-40.81,-63.0,71.01,36,0,4.0,AR,1598045626
553,plover,44.46,-89.54,86.0,39,1,10.29,US,1598045626
554,port-gentil,-0.72,8.78,77.0,78,40,11.41,GA,1598045627
555,neiafu,-18.65,-173.98,80.6,83,40,11.41,TO,1598045627
556,conde,-7.26,-34.91,75.2,83,40,9.17,BR,1598045627
557,soyo,-6.13,12.37,72.7,87,47,7.83,AO,1598045627
558,muriti,-1.98,32.92,71.6,88,75,11.59,TZ,1598045627
559,mutis,6.23,-77.4,78.33,84,100,5.66,CO,1598045627
